,method,k=1,k=2,k=3,k=4,k=5,k=6,k=7,k=8,k=9,k=10
0,BFSAndLevelsVec,,"62.8294373178
","66.4991946759
","83.3480925701
","96.6652583101
","111.556352568
","119.671427793
","126.45452738
",,
1,BFSAndProbCoverAndComplement,,"62.8294373178
","66.4991946759
","83.3480925701
","96.6652583101
","111.556352568
","117.37887957
","121.490336716
",,
2,onlyBFSAndComplement,,"62.829437317753275
","66.49919467585585
","83.34809257014058
",,,,,,
3,onlyBFSAndProbCover,,,,,,,,,,
