,method,k=1,k=2,k=3,k=4,k=5,k=6,k=7,k=8,k=9,k=10
0,BFSAndLevelsVec,,"62.8294373178
","66.4991946759
","83.3480925701
","96.6652583101
","111.556352568
","119.671427793
","126.45452738
",,
1,BFSAndProbCoverAndComplement,,"62.8294373178
","66.4991946759
","83.3480925701
","96.6652583101
","111.556352568
","117.37887957
","121.490336716
",,
2,oldVersion,,,,,,,,,,
3,onlyBFS,,"62.82943731775339
","66.4991946758559
","83.34809257014047
","96.66525831012137
","111.556352567695
","117.37887957019205
","121.49033671594287
",,
